platform,account,title,tags,publish_time,views,likes,comments,shares,collects,follows
douyin,元气小食堂,快手早餐｜10秒学会,"美食|早餐",2026-10-03 07:40:00,486000,23800,960,1420,3300,780
douyin,好物严选,通勤穿搭｜完整版,穿搭,2026-10-03 12:15:00,1320000,61000,2400,3100,8600,2100
kuaishou,甜味厨房,家庭烘焙｜实测30天,"美食|烘焙",2026-10-03 19:05:00,268000,19400,1280,2260,640,460
kuaishou,球场老王,健身新手计划｜附清单,健身,2026-10-03 20:30:00,96000,7400,520,880,210,180
xhs,一只柠檬,护肤成分｜保姆级教程,"美妆|护肤",2026-10-03 21:10:00,54000,8600,640,320,4200,520
xhs,住小帮,小户型收纳｜别踩这3个坑,家居,2026-10-03 22:20:00,38000,6200,410,260,3100,340
shipinhao,英语角Kiki,英语口语｜第3期,教育,2026-10-03 11:50:00,72000,4300,260,1120,180,150
bilibili,码农小林,零基础编程｜对比测评,"编程|数码",2026-10-03 20:00:00,46000,5200,380,240,1900,620
douyin,元气小食堂,夜市小吃｜新手必看,美食,2026-10-02 19:30:00,352000,17600,720,980,2400,560
kuaishou,甜味厨房,减脂餐搭配｜实测30天,"美食|健身",2026-10-02 18:10:00,214000,15200,1040,1860,520,380
xhs,一只柠檬,护肤成分｜我的真实体验,美妆,2026-10-02 21:40:00,47000,7300,520,280,3600,430
shipinhao,糖糖妈,带娃日常｜附清单,母婴,2026-10-02 10:20:00,61000,3900,220,940,160,130
